id,first_name,last_name,email,gender,ip_address
1,Susann,Wyldish,swyldish0@bing.com,Female,112.109.35.15
2,Oliy,Bruton,obruton1@forbes.com,Female,166.20.188.54
3,Ginelle,Inkpen,ginkpen2@tinypic.com,Female,208.129.167.239
4,Angelica,Mantz,amantz3@goo.gl,Female,1.118.173.176
5,Gan,Ledgeway,gledgeway4@163.com,Male,183.254.207.220
6,Johannes,Larciere,jlarciere5@theatlantic.com,Male,223.168.153.70
7,Ferguson,McFadden,fmcfadden6@howstuffworks.com,Male,107.79.152.92
8,Jonie,Honatsch,jhonatsch7@unc.edu,Female,244.158.124.33
9,Adda,Lightfoot,alightfoot8@china.com.cn,Female,184.184.32.101
10,Anet,Bakesef,abakesef9@marriott.com,Female,149.47.181.155
11,Emeline,Crat,ecrata@i2i.jp,Female,200.2.20.220
12,Sonny,Bendelow,sbendelowb@house.gov,Female,158.213.248.2
13,Simonne,Brent,sbrentc@europa.eu,Female,229.13.147.248
14,Carling,Snoddon,csnoddond@amazon.de,Male,240.110.140.218
15,Riccardo,McKearnen,rmckearnene@cdbaby.com,Male,170.14.229.246
16,Dietrich,Raulston,draulstonf@goo.gl,Male,183.143.201.120
17,Noni,Reiach,nreiachg@ovh.net,Female,109.200.127.102
18,Trisha,Clement,tclementh@imageshack.us,Female,129.214.51.54
19,Raynard,Cokayne,rcokaynei@accuweather.com,Male,235.5.14.103
20,Moss,Goundry,mgoundryj@paginegialle.it,Male,234.36.223.196
21,Vonnie,Alchin,valchink@mozilla.org,Female,88.144.70.201
22,Ellen,Ogglebie,eogglebiel@psu.edu,Female,167.123.136.90
23,Nelle,Evason,nevasonm@walmart.com,Female,80.75.210.104
24,Zilvia,Plane,zplanen@ucla.edu,Female,194.184.6.134
25,Elke,Dawber,edawbero@artisteer.com,Female,164.6.71.130
26,Isabeau,Bosse,ibossep@un.org,Female,244.57.126.229
27,Paquito,Buckingham,pbuckinghamq@answers.com,Male,120.227.84.17
28,Genni,Freckingham,gfreckinghamr@bigcartel.com,Female,35.19.152.170
29,Arvie,Strong,astrongs@ow.ly,Male,3.42.106.232
30,Elladine,Piddlehinton,epiddlehintont@smh.com.au,Female,62.24.187.38
31,Crawford,Shinton,cshintonu@slate.com,Male,169.67.71.103
32,Diahann,Bruhnicke,dbruhnickev@wordpress.com,Female,223.11.156.93
33,Guillermo,MacKonochie,gmackonochiew@netscape.com,Male,146.163.234.200
34,Carlie,Hemphill,chemphillx@elpais.com,Male,139.40.88.198
35,Miller,Gaytor,mgaytory@odnoklassniki.ru,Male,208.116.86.152
36,Benson,Narramor,bnarramorz@jugem.jp,Male,199.85.186.160
37,Tiena,Stawell,tstawell10@quantcast.com,Female,35.26.129.215
38,Liliane,Cowderay,lcowderay11@amazon.co.uk,Female,5.57.177.249
39,Karlie,Stockhill,kstockhill12@icio.us,Female,92.39.237.123
40,Niles,Banes,nbanes13@businesswire.com,Male,80.7.81.17
41,Maddy,Hoppner,mhoppner14@vistaprint.com,Female,38.43.53.212
42,Rey,McBrearty,rmcbrearty15@google.ca,Female,184.72.129.27
43,See,Haw,shaw16@youtu.be,Male,77.245.126.206
44,Charity,Confait,cconfait17@netvibes.com,Female,172.152.56.105
45,Cahra,Byford,cbyford18@auda.org.au,Female,216.22.190.164
46,Hamid,Sent,hsent19@google.co.uk,Male,64.108.220.156
47,Chrisy,Belham,cbelham1a@chicagotribune.com,Male,113.177.238.250
48,Waldo,Jepperson,wjepperson1b@yellowbook.com,Male,82.57.165.147
49,Layla,Goney,lgoney1c@hatena.ne.jp,Female,99.103.241.158
50,Steffie,Gilley,sgilley1d@shareasale.com,Female,139.117.143.66
51,Giavani,Maidens,gmaidens1e@51.la,Male,169.73.38.8
52,Guillermo,Ickowics,gickowics1f@themeforest.net,Male,221.31.239.161
53,Alison,Wooster,awooster1g@wufoo.com,Female,0.88.72.158
54,Penelope,Tunno,ptunno1h@bbb.org,Female,20.170.83.207
55,Torey,Izak,tizak1i@example.com,Male,212.147.81.208
56,Shirleen,Trahmel,strahmel1j@ox.ac.uk,Female,87.169.4.178
57,Beverly,Swoffer,bswoffer1k@cmu.edu,Female,158.155.226.92
58,Dolph,Maxfield,dmaxfield1l@go.com,Male,7.32.39.82
59,Fransisco,Baird,fbaird1m@statcounter.com,Male,204.225.168.11
60,Case,Gleave,cgleave1n@squarespace.com,Male,236.117.229.13
61,Caye,Domenichini,cdomenichini1o@upenn.edu,Female,27.191.183.28
62,Celia,Brothwell,cbrothwell1p@blogs.com,Female,67.46.79.183
63,Sawyere,Jachimak,sjachimak1q@eepurl.com,Male,237.92.133.106
64,Ernesto,Morilla,emorilla1r@soup.io,Male,31.255.108.60
65,Armin,Stonman,astonman1s@abc.net.au,Male,176.238.122.78
66,Herbert,Terris,hterris1t@flickr.com,Male,165.167.148.13
67,Jena,Imeson,jimeson1u@1und1.de,Female,248.105.147.235
68,Morse,Solomonides,msolomonides1v@dagondesign.com,Male,10.121.101.247
69,Faunie,Conville,fconville1w@skyrock.com,Female,189.229.29.172
70,Elsinore,Estable,eestable1x@surveymonkey.com,Female,65.221.255.242
71,Wilhelm,Kasper,wkasper1y@wikispaces.com,Male,53.17.2.188
72,Ula,Cruce,ucruce1z@earthlink.net,Female,10.119.250.55
73,Bevin,Trinke,btrinke20@tamu.edu,Male,88.20.178.71
74,Boigie,Daspar,bdaspar21@comcast.net,Male,222.125.51.127
75,Mildred,Clac,mclac22@dot.gov,Female,28.10.137.254
76,Dorris,Grubbe,dgrubbe23@latimes.com,Female,66.238.83.228
77,Bryn,Habeshaw,bhabeshaw24@bbc.co.uk,Male,5.205.125.122
78,Dorie,Sills,dsills25@istockphoto.com,Female,134.181.222.241
79,Norean,Korejs,nkorejs26@posterous.com,Female,70.40.42.75
80,Davine,Eger,deger27@youku.com,Female,106.142.9.203
81,Gabriel,Waleworke,gwaleworke28@mediafire.com,Female,202.187.238.37
82,Crystie,Shackesby,cshackesby29@weibo.com,Female,187.154.92.47
83,Estell,Forgie,eforgie2a@w3.org,Female,156.157.211.28
84,Nari,Craythorne,ncraythorne2b@flavors.me,Female,240.37.65.161
85,Ralf,Varns,rvarns2c@ustream.tv,Male,111.146.224.73
86,Abby,Huws,ahuws2d@tripod.com,Male,1.127.241.104
87,Claire,Crosen,ccrosen2e@uol.com.br,Male,31.5.145.65
88,Bobinette,Kirgan,bkirgan2f@opensource.org,Female,202.48.34.233
89,Mile,Settle,msettle2g@chron.com,Male,52.33.38.235
90,Paulo,Alliban,palliban2h@jalbum.net,Male,114.19.25.149
91,Malcolm,Ferson,mferson2i@tripod.com,Male,45.214.232.234
92,Emelen,Groom,egroom2j@huffingtonpost.com,Male,143.233.74.16
93,Barby,Miners,bminers2k@ibm.com,Female,111.244.21.187
94,Laurie,Gresser,lgresser2l@twitter.com,Female,195.226.19.54
95,Sally,Blesli,sblesli2m@biglobe.ne.jp,Female,69.176.232.140
96,Patton,Reade,preade2n@accuweather.com,Male,69.235.120.17
97,Herold,Machen,hmachen2o@wix.com,Male,49.104.227.130
98,Coreen,Earle,cearle2p@dyndns.org,Female,251.40.248.9
99,Valencia,Jacmar,vjacmar2q@soundcloud.com,Female,136.115.148.14
100,Silvano,Whitewood,swhitewood2r@cbc.ca,Male,45.97.107.40
